Ord_id,rating
ORD_1,1
ORD_2,1
ORD_3,
ORD_4,4
ORD_5,1
ORD_6,1
ORD_7,2
ORD_8,5
ORD_9,4
ORD_10,1
ORD_11,5
ORD_12,5
ORD_13,2
ORD_14,4
ORD_15,4
ORD_16,5
ORD_17,1
ORD_18,1
ORD_19,5
ORD_20,4
ORD_21,1
ORD_22,5
ORD_23,5
ORD_24,2
ORD_25,4
ORD_26,4
ORD_27,5
ORD_28,1
ORD_29,1
ORD_30,5
ORD_31,4
ORD_32,1
ORD_33,5
ORD_34,5
ORD_35,2
ORD_36,4
ORD_37,4
ORD_38,5
ORD_39,1
ORD_40,1
ORD_41,4
ORD_42,5
ORD_43,1
ORD_44,1
ORD_45,
ORD_46,
ORD_47,
ORD_48,
ORD_49,
ORD_50,
ORD_51,
ORD_52,
ORD_53,2
ORD_54,1
ORD_55,1
ORD_56,4
ORD_57,3
ORD_58,3
ORD_59,5
ORD_60,4
ORD_61,1
ORD_62,5
ORD_63,5
ORD_64,2
ORD_65,4
ORD_66,4
ORD_67,5
ORD_68,1
ORD_69,1
ORD_70,3
ORD_71,4
ORD_72,2
ORD_73,4
ORD_74,5
ORD_75,5
ORD_76,1
ORD_77,4
ORD_78,4
ORD_79,2
ORD_80,3
ORD_81,4
ORD_82,2
ORD_83,3
ORD_84,4
ORD_85,2
ORD_86,4
ORD_87,3
ORD_88,4
ORD_89,2
ORD_90,3
ORD_91,3
ORD_92,4
ORD_93,2
ORD_94,4
ORD_95,4
ORD_96,1
ORD_97,5
ORD_98,5
ORD_99,4
ORD_100,4
ORD_101,1
ORD_102,4
ORD_103,1
ORD_104,5
ORD_105,5
ORD_106,2
ORD_107,2
ORD_108,3
ORD_109,1
ORD_110,3
ORD_111,2
ORD_112,1
ORD_113,5
ORD_114,4
ORD_115,4
ORD_116,2
ORD_117,2
ORD_118,1
ORD_119,5
ORD_120,4
ORD_121,2
ORD_122,4
ORD_123,5
ORD_124,2
ORD_125,5
ORD_126,4
ORD_127,5
ORD_128,2
ORD_129,1
ORD_130,4
ORD_131,3
ORD_132,5
ORD_133,3
ORD_134,4
ORD_135,2
ORD_136,2
ORD_137,5
ORD_138,4
ORD_139,1
ORD_140,3
ORD_141,5
ORD_142,1
ORD_143,3
ORD_144,2
ORD_145,3
ORD_146,3
ORD_147,5
ORD_148,5
ORD_149,5
ORD_150,5
ORD_151,4
ORD_152,3
ORD_153,4
ORD_154,4
ORD_155,5
ORD_156,1
ORD_157,1
ORD_158,4
ORD_159,5
ORD_160,5
ORD_161,3
ORD_162,1
ORD_163,4
ORD_164,3
ORD_165,3
ORD_166,4
ORD_167,5
ORD_168,3
ORD_169,4
ORD_170,2
ORD_171,2
ORD_172,4
ORD_173,2
ORD_174,1
ORD_175,1
ORD_176,3
ORD_177,5
ORD_178,1
ORD_179,5
ORD_180,5
ORD_181,2
ORD_182,2
ORD_183,4
ORD_184,2
ORD_185,2
ORD_186,4
ORD_187,1
ORD_188,2
ORD_189,3
ORD_190,2
ORD_191,1
ORD_192,2
ORD_193,4
ORD_194,2
ORD_195,3
ORD_196,1
ORD_197,4
ORD_198,1
ORD_199,4
ORD_200,3
ORD_201,4
ORD_202,5
ORD_203,4
ORD_204,5
ORD_205,3
ORD_206,4
ORD_207,4
ORD_208,5
ORD_209,4
ORD_210,5
ORD_211,3
ORD_212,3
ORD_213,3
ORD_214,1
ORD_215,2
ORD_216,2
ORD_217,1
ORD_218,3
ORD_219,5
ORD_220,2
ORD_221,2
ORD_222,5
ORD_223,1
ORD_224,5
ORD_225,1
ORD_226,4
ORD_227,3
ORD_228,1
ORD_229,4
ORD_230,5
ORD_231,5
ORD_232,3
ORD_233,5
ORD_234,3
ORD_235,1
ORD_236,3
ORD_237,3
ORD_238,3
ORD_239,4
ORD_240,3
ORD_241,2
ORD_242,4
ORD_243,2
ORD_244,2
